{
  "menu": {
    "Solo Meal": [
      {
        "name": "Chicken Inasal",
        "description": "Marinated in a tangy blend of calamansi juice, vinegar, soy sauce, and spices, giving it a flavorful and slightly citrusy taste. ",
        "price": 130,
        "image": "https://filipinotimes.net/wp-content/uploads/2018/02/MANG-INASAL.jpg"
        },
      {
        "name": "Barbeque Inasal",
        "description": "Marinade often consists of a combination of soy sauce, ketchup, garlic, calamansi juice, and spices, which infuses the chicken with a rich and smoky flavor. The resulting dish is tender, slightly caramelized, and bursting with irresistible barbecue goodness.",
        "price": 99,
        "image": "http://images.summitmedia-digital.com/yummyph/images/2022/05/17/manginasalporkbbqpeanutsauce.jpg"
      },
      {
        "name": "Palabok",
        "description": "The dish is then garnished with a variety of toppings, including boiled eggs, crushed chicharon (pork rinds), shrimp, smoked fish flakes, and green onions. Palabok offers a harmonious blend of textures and tastes, with its rich sauce and medley of toppings creating a delightful culinary experience.",
        "price": 50,
        "image": "https://lh3.googleusercontent.com/-GH9QQQtsY4I/VN3C5G7t2TI/AAAAAAAAcYk/wBDE2Q8wXwk/s800/Mang-Inasal.png"
      },
      {
        "name": "Sisig Inasal",
        "description": "Sisig traditionally consists of chopped pig's face and ears, seasoned with spices, vinegar, and calamansi juice, then grilled and served on a sizzling plate.",
        "price": 99,
        "image": "https://www.swirlingovercoffee.com/wp-content/uploads/2018/11/Inasalsisig_Body.jpg"
      }
    ],
    "Family Meal": [
      {
        "name": "Family Size",
        "description": "Chicken Inasal, Palabok, Pork bbq, Pork Sisig.",
        "price": 3.49,
        "image": "https://images.summitmedia-digital.com/yummyph/images/2020/10/17/mang-inasal-family-size-meals-01.jpg"
      },
      {
        "name": "Family Combo Savers",
        "description": "2 pcs. Paa Large with 2 Palabok Solo, 2 pcs. Paa Large with 4 stick Barbeque ",
        "price": 3.69,
        "image": "https://1.bp.blogspot.com/-UeVpB7jaABE/YTwBcY4HCvI/AAAAAAABfOg/nFnIcM74MtQYjx8_kdeaTVGB_YtUMAurQCLcBGAsYHQ/s960/mang%2Binasal%2Bfamily%2Bfeast%2Bpromo%2Bsept-oct%2B2021.jpg"
      }
    ],
    "Dessert": [
      {
        "name": "Crema Halo Halo De Leche",
        "description": "Crema Halo Halo de Leche from Mang Inasal is a decadent and creamy version of the classic Filipino dessert, Halo Halo, made with layers of sweet beans, jellies, fruits, shaved ice, leche flan, and topped with a rich and luscious milk custard.",
        "price": 3.79,
        "image": "https://i.ytimg.com/vi/bo4I5b8pYGY/maxresdefault.jpg"
      },
      {
        "name": "Merienda Savers",
        "description": "Molo, Lumpiang Toge, Pinoy halo halo, Palabok",
        "price": 1.49,
        "image": "https://cookmagazine.ph/wp-content/uploads/2020/01/Merienda-Savers_Poster-FA-copy-752x1024.jpg"
      }
    ],
    "Paborito Value Meals": [
      {
        "name": "Paborito Value Meals",
        "description": "Meals",
        "price": 1.79,
        "image": "https://d.zmtcdn.com/data/menus/356/6300356/d6db1dc6069d6728c37e3efc8eb92c0b.jpg"
      },
      {
        "name": "Paborito Value Meals",
        "description": "Meals",
        "price": 1.79,
        "image": "http://1.bp.blogspot.com/-kgcOs8umFj4/UFaZSCt3H7I/AAAAAAAAANA/HKzPFE_J9eY/s1600/pm2.jpg"
      },
      {
        "name": "Paborito Value Meals",
        "description": "Meals",
        "price": 2.49,
        "image": "https://www.wheninmanila.com/wp-content/uploads/2016/04/Mang-Inasal-Halo-Halo.jpg"
      }
    ]
  }
}
